{
  "ssm:account=285228315541:parameterName=/dev/ep/bnb/VpcId:region=ap-southeast-1": "vpc-024f16c4bfbfa22a8",
  "ssm:account=285228315541:parameterName=/dev/ep/bnb/SecurityGroupId:region=ap-southeast-1": "sg-04c9be37671f4043a",
  "vpc-provider:account=285228315541:filter.vpc-id=vpc-024f16c4bfbfa22a8:region=ap-southeast-1:returnAsymmetricSubnets=true": {
    "vpcId": "vpc-024f16c4bfbfa22a8",
    "vpcCidrBlock": "10.0.0.0/16",
    "ownerAccountId": "285228315541",
    "availabilityZones": [],
    "subnetGroups": [
      {
        "name": "PrivateSubnetConfig4EP_BNB_DEV",
        "type": "Private",
        "subnets": [
          {
            "subnetId": "subnet-0ef2692fdec87a036",
            "cidr": "10.0.2.0/24",
            "availabilityZone": "ap-southeast-1a",
            "routeTableId": "rtb-0dc4824c32d983a38"
          },
          {
            "subnetId": "subnet-061afacdcf57acf4a",
            "cidr": "10.0.3.0/24",
            "availabilityZone": "ap-southeast-1b",
            "routeTableId": "rtb-0f76c7fdc858cae04"
          }
        ]
      },
      {
        "name": "PublicSubnetConfig4EP_BNB_DEV",
        "type": "Public",
        "subnets": [
          {
            "subnetId": "subnet-05b2b6880d4b44bdd",
            "cidr": "10.0.0.0/24",
            "availabilityZone": "ap-southeast-1a",
            "routeTableId": "rtb-09f573fece8a462f0"
          },
          {
            "subnetId": "subnet-026069df0097b88f0",
            "cidr": "10.0.1.0/24",
            "availabilityZone": "ap-southeast-1b",
            "routeTableId": "rtb-09f64bb4c5e1846dc"
          }
        ]
      }
    ]
  }
}
