{
  "ExecutedVersion": "$LATEST",
  "Payload": {
    "code": 200,
    "message": "Algo process is been handled successfully",
    "data": {
      "userID": "",
      "exchTradeTypeCapRiskTradePair": "BNB_FUT_BAL_BTCUSDT",
      "symbol": "BTCUSDT",
      "side": "BUY",
      "leverage": "50",
      "investVolPercent": "0.06",
      "investCapitalVol": "",
      "quantity": "",
      "entryPrice": "66689.2145",
      "stopLossPrice": "66600.2412",
      "takeProfitPrice": "67289.0000",
      "quantityPrecision": "3",
      "pricePrecision": "4"
    }
  },
  "SdkHttpMetadata": {
    "AllHttpHeaders": {
      "X-Amz-Executed-Version": ["$LATEST"],
      "x-amzn-Remapped-Content-Length": ["0"],
      "Connection": ["keep-alive"],
      "x-amzn-RequestId": ["c9d0255d-f3ff-4398-826e-067a2fdc1a8c"],
      "Content-Length": ["382"],
      "Date": ["Wed, 22 May 2024 12:25:53 GMT"],
      "X-Amzn-Trace-Id": [
        "root=1-664de450-02ce0c1f1d91d1552f85f4f1;parent=15c47be679425d2e;sampled=0;lineage=327138da:0"
      ],
      "Content-Type": ["application/json"]
    },
    "HttpHeaders": {
      "Connection": "keep-alive",
      "Content-Length": "382",
      "Content-Type": "application/json",
      "Date": "Wed, 22 May 2024 12:25:53 GMT",
      "X-Amz-Executed-Version": "$LATEST",
      "x-amzn-Remapped-Content-Length": "0",
      "x-amzn-RequestId": "c9d0255d-f3ff-4398-826e-067a2fdc1a8c",
      "X-Amzn-Trace-Id": "root=1-664de450-02ce0c1f1d91d1552f85f4f1;parent=15c47be679425d2e;sampled=0;lineage=327138da:0"
    },
    "HttpStatusCode": 200
  },
  "SdkResponseMetadata": {
    "RequestId": "c9d0255d-f3ff-4398-826e-067a2fdc1a8c"
  },
  "StatusCode": 200
}
