{
  "ExecutedVersion": "$LATEST",
  "Payload": {
    "code": 200,
    "message": "Algo process is been handled successfully",
    "data": {
      "userID": "",
      "exchTradeTypeCapRiskTradePair": "BNB_FUT_CON_ETHUSDT",
      "symbol": "ETHUSDT",
      "side": "",
      "leverage": "100",
      "investVolPercent": "0.02",
      "investCapitalVol": "",
      "quantity": "",
      "entryPrice": "",
      "stopLossPrice": "3798.51",
      "takeProfitPrice": "",
      "quantityPrecision": "3",
      "pricePrecision": "2"
    }
  },
  "SdkHttpMetadata": {
    "AllHttpHeaders": {
      "X-Amz-Executed-Version": ["$LATEST"],
      "x-amzn-Remapped-Content-Length": ["0"],
      "Connection": ["keep-alive"],
      "x-amzn-RequestId": ["40025069-2ae3-43d7-b2c2-34f89d345672"],
      "Content-Length": ["357"],
      "Date": ["Mon, 27 May 2024 03:39:35 GMT"],
      "X-Amzn-Trace-Id": [
        "root=1-66540075-2fb5da184b42845e5e26b8dd;parent=21e55db74280e48f;sampled=0;lineage=327138da:0"
      ],
      "Content-Type": ["application/json"]
    },
    "HttpHeaders": {
      "Connection": "keep-alive",
      "Content-Length": "357",
      "Content-Type": "application/json",
      "Date": "Mon, 27 May 2024 03:39:35 GMT",
      "X-Amz-Executed-Version": "$LATEST",
      "x-amzn-Remapped-Content-Length": "0",
      "x-amzn-RequestId": "40025069-2ae3-43d7-b2c2-34f89d345672",
      "X-Amzn-Trace-Id": "root=1-66540075-2fb5da184b42845e5e26b8dd;parent=21e55db74280e48f;sampled=0;lineage=327138da:0"
    },
    "HttpStatusCode": 200
  },
  "SdkResponseMetadata": {
    "RequestId": "40025069-2ae3-43d7-b2c2-34f89d345672"
  },
  "StatusCode": 200
}
