{
  "trade_pairs": [
    {
      "exchange_code": "BNB",
      "trade_type_code": "FUT",
      "capital_risk_code": "SPE",
      "trade_pair": "UNIUSDT",
      "interval": "1h",
      "req_cap_vol": "500",
      "priority": "1",
      "algorithm_function": "ST1",
      "function_argument": "{\"multiplier21\":\"0.6\",\"multiplier14\":\"1.4\",\"multiplier10\":\"1.9\",\"leverage\":\"-1\",\"investVolPercent\":\"0.02\",\"takeProfitPercent\":\"65.0\",\"actualLossMultiple\":\"1.3\"}"
    },
    {
      "exchange_code": "BNB",
      "trade_type_code": "FUT",
      "capital_risk_code": "SPE",
      "trade_pair": "JUPUSDT",
      "interval": "1h",
      "req_cap_vol": "500",
      "priority": "2",
      "algorithm_function": "ST1",
      "function_argument": "{\"multiplier21\":\"1.4\",\"multiplier14\":\"1.9\",\"multiplier10\":\"2.4\",\"leverage\":\"-1\",\"investVolPercent\":\"0.02\",\"takeProfitPercent\":\"65.0\",\"actualLossMultiple\":\"1.1\"}"
    },
    {
      "exchange_code": "BNB",
      "trade_type_code": "FUT",
      "capital_risk_code": "SPE",
      "trade_pair": "ETHUSDT",
      "interval": "1h",
      "req_cap_vol": "500",
      "priority": "3",
      "algorithm_function": "ST1",
      "function_argument": "{\"multiplier21\":\"0.7\",\"multiplier14\":\"1.2\",\"multiplier10\":\"1.7\",\"leverage\":\"-1\",\"investVolPercent\":\"0.02\",\"takeProfitPercent\":\"60.0\",\"actualLossMultiple\":\"1.3\"}"
    },
    {
      "exchange_code": "BNB",
      "trade_type_code": "FUT",
      "capital_risk_code": "SPE",
      "trade_pair": "THETAUSDT",
      "interval": "1h",
      "req_cap_vol": "500",
      "priority": "4",
      "algorithm_function": "ST1",
      "function_argument": "{\"multiplier21\":\"1.0\",\"multiplier14\":\"1.6\",\"multiplier10\":\"2.3\",\"leverage\":\"-1\",\"investVolPercent\":\"0.02\",\"takeProfitPercent\":\"60.0\",\"actualLossMultiple\":\"1.5\"}"
    },
    {
      "exchange_code": "BNB",
      "trade_type_code": "FUT",
      "capital_risk_code": "SPE",
      "trade_pair": "ALPHAUSDT",
      "interval": "1h",
      "req_cap_vol": "500",
      "priority": "5",
      "algorithm_function": "ST1",
      "function_argument": "{\"multiplier21\":\"1.1\",\"multiplier14\":\"1.7\",\"multiplier10\":\"2.2\",\"leverage\":\"-1\",\"investVolPercent\":\"0.02\",\"takeProfitPercent\":\"80.0\",\"actualLossMultiple\":\"1.4\"}"
    },
    {
      "exchange_code": "BNB",
      "trade_type_code": "FUT",
      "capital_risk_code": "SPE",
      "trade_pair": "FILUSDT",
      "interval": "1h",
      "req_cap_vol": "500",
      "priority": "6",
      "algorithm_function": "ST1",
      "function_argument": "{\"multiplier21\":\"1.1\",\"multiplier14\":\"1.6\",\"multiplier10\":\"2.4\",\"leverage\":\"-1\",\"investVolPercent\":\"0.02\",\"takeProfitPercent\":\"70.0\",\"actualLossMultiple\":\"1.1\"}"
    },
    {
      "exchange_code": "BNB",
      "trade_type_code": "FUT",
      "capital_risk_code": "SPE",
      "trade_pair": "RVNUSDT",
      "interval": "1h",
      "req_cap_vol": "500",
      "priority": "7",
      "algorithm_function": "ST1",
      "function_argument": "{\"multiplier21\":\"0.9\",\"multiplier14\":\"1.4\",\"multiplier10\":\"2.3\",\"leverage\":\"-1\",\"investVolPercent\":\"0.02\",\"takeProfitPercent\":\"60.0\",\"actualLossMultiple\":\"1.1\"}"
    },
    {
      "exchange_code": "BNB",
      "trade_type_code": "FUT",
      "capital_risk_code": "SPE",
      "trade_pair": "1000PEPEUSDT",
      "interval": "1h",
      "req_cap_vol": "500",
      "priority": "8",
      "algorithm_function": "ST1",
      "function_argument": "{\"multiplier21\":\"0.6\",\"multiplier14\":\"1.2\",\"multiplier10\":\"1.8\",\"leverage\":\"-1\",\"investVolPercent\":\"0.02\",\"takeProfitPercent\":\"65.0\",\"actualLossMultiple\":\"1.4\"}"
    },
    {
      "exchange_code": "BNB",
      "trade_type_code": "FUT",
      "capital_risk_code": "SPE",
      "trade_pair": "CAKEUSDT",
      "interval": "1h",
      "req_cap_vol": "500",
      "priority": "9",
      "algorithm_function": "ST1",
      "function_argument": "{\"multiplier21\":\"0.7\",\"multiplier14\":\"1.5\",\"multiplier10\":\"2.1\",\"leverage\":\"-1\",\"investVolPercent\":\"0.02\",\"takeProfitPercent\":\"70.0\",\"actualLossMultiple\":\"1\"}"
    },
    {
      "exchange_code": "BNB",
      "trade_type_code": "FUT",
      "capital_risk_code": "SPE",
      "trade_pair": "POLYXUSDT",
      "interval": "1h",
      "req_cap_vol": "500",
      "priority": "10",
      "algorithm_function": "ST1",
      "function_argument": "{\"multiplier21\":\"0.6\",\"multiplier14\":\"1.4\",\"multiplier10\":\"2.0\",\"leverage\":\"-1\",\"investVolPercent\":\"0.02\",\"takeProfitPercent\":\"65.0\",\"actualLossMultiple\":\"1.5\"}"
    },
    {
      "exchange_code": "BNB",
      "trade_type_code": "FUT",
      "capital_risk_code": "SPE",
      "trade_pair": "MATICUSDT",
      "interval": "1h",
      "req_cap_vol": "500",
      "priority": "11",
      "algorithm_function": "ST1",
      "function_argument": "{\"multiplier21\":\"0.6\",\"multiplier14\":\"1.1\",\"multiplier10\":\"1.7\",\"leverage\":\"-1\",\"investVolPercent\":\"0.02\",\"takeProfitPercent\":\"65.0\",\"actualLossMultiple\":\"1.5\"}"
    },
    {
      "exchange_code": "BNB",
      "trade_type_code": "FUT",
      "capital_risk_code": "SPE",
      "trade_pair": "PORTALUSDT",
      "interval": "1h",
      "req_cap_vol": "500",
      "priority": "12",
      "algorithm_function": "ST1",
      "function_argument": "{\"multiplier21\":\"0.6\",\"multiplier14\":\"1.5\",\"multiplier10\":\"2.0\",\"leverage\":\"-1\",\"investVolPercent\":\"0.02\",\"takeProfitPercent\":\"60.0\",\"actualLossMultiple\":\"1.5\"}"
    },
    {
      "exchange_code": "BNB",
      "trade_type_code": "FUT",
      "capital_risk_code": "SPE",
      "trade_pair": "DARUSDT",
      "interval": "1h",
      "req_cap_vol": "500",
      "priority": "13",
      "algorithm_function": "ST1",
      "function_argument": "{\"multiplier21\":\"0.8\",\"multiplier14\":\"1.5\",\"multiplier10\":\"2.2\",\"leverage\":\"-1\",\"investVolPercent\":\"0.02\",\"takeProfitPercent\":\"65.0\",\"actualLossMultiple\":\"1.1\"}"
    },
    {
      "exchange_code": "BNB",
      "trade_type_code": "FUT",
      "capital_risk_code": "SPE",
      "trade_pair": "XRPUSDT",
      "interval": "1h",
      "req_cap_vol": "500",
      "priority": "14",
      "algorithm_function": "ST1",
      "function_argument": "{\"multiplier21\":\"1.2\",\"multiplier14\":\"1.7\",\"multiplier10\":\"2.2\",\"leverage\":\"-1\",\"investVolPercent\":\"0.02\",\"takeProfitPercent\":\"65.0\",\"actualLossMultiple\":\"1.2\"}"
    },
    {
      "exchange_code": "BNB",
      "trade_type_code": "FUT",
      "capital_risk_code": "SPE",
      "trade_pair": "DYMUSDT",
      "interval": "1h",
      "req_cap_vol": "500",
      "priority": "15",
      "algorithm_function": "ST1",
      "function_argument": "{\"multiplier21\":\"0.6\",\"multiplier14\":\"1.1\",\"multiplier10\":\"1.6\",\"leverage\":\"-1\",\"investVolPercent\":\"0.02\",\"takeProfitPercent\":\"80.0\",\"actualLossMultiple\":\"1.4\"}"
    },
    {
      "exchange_code": "BNB",
      "trade_type_code": "FUT",
      "capital_risk_code": "SPE",
      "trade_pair": "PYTHUSDT",
      "interval": "1h",
      "req_cap_vol": "500",
      "priority": "16",
      "algorithm_function": "ST1",
      "function_argument": "{\"multiplier21\":\"1.0\",\"multiplier14\":\"1.9\",\"multiplier10\":\"2.4\",\"leverage\":\"-1\",\"investVolPercent\":\"0.02\",\"takeProfitPercent\":\"90.0\",\"actualLossMultiple\":\"1.1\"}"
    },
    {
      "exchange_code": "BNB",
      "trade_type_code": "FUT",
      "capital_risk_code": "SPE",
      "trade_pair": "TOKENUSDT",
      "interval": "1h",
      "req_cap_vol": "500",
      "priority": "17",
      "algorithm_function": "ST1",
      "function_argument": "{\"multiplier21\":\"0.7\",\"multiplier14\":\"1.2\",\"multiplier10\":\"1.9\",\"leverage\":\"-1\",\"investVolPercent\":\"0.02\",\"takeProfitPercent\":\"60.0\",\"actualLossMultiple\":\"1.2\"}"
    },
    {
      "exchange_code": "BNB",
      "trade_type_code": "FUT",
      "capital_risk_code": "SPE",
      "trade_pair": "DOGEUSDT",
      "interval": "1h",
      "req_cap_vol": "500",
      "priority": "18",
      "algorithm_function": "ST1",
      "function_argument": "{\"multiplier21\":\"1.4\",\"multiplier14\":\"1.9\",\"multiplier10\":\"2.4\",\"leverage\":\"-1\",\"investVolPercent\":\"0.02\",\"takeProfitPercent\":\"60.0\",\"actualLossMultiple\":\"1.5\"}"
    },
    {
      "exchange_code": "BNB",
      "trade_type_code": "FUT",
      "capital_risk_code": "SPE",
      "trade_pair": "IOTXUSDT",
      "interval": "1h",
      "req_cap_vol": "500",
      "priority": "19",
      "algorithm_function": "ST1",
      "function_argument": "{\"multiplier21\":\"1.1\",\"multiplier14\":\"1.8\",\"multiplier10\":\"2.3\",\"leverage\":\"-1\",\"investVolPercent\":\"0.02\",\"takeProfitPercent\":\"80.0\",\"actualLossMultiple\":\"1.5\"}"
    },
    {
      "exchange_code": "BNB",
      "trade_type_code": "FUT",
      "capital_risk_code": "SPE",
      "trade_pair": "XAIUSDT",
      "interval": "1h",
      "req_cap_vol": "500",
      "priority": "20",
      "algorithm_function": "ST1",
      "function_argument": "{\"multiplier21\":\"0.6\",\"multiplier14\":\"1.3\",\"multiplier10\":\"1.8\",\"leverage\":\"-1\",\"investVolPercent\":\"0.02\",\"takeProfitPercent\":\"75.0\",\"actualLossMultiple\":\"1.5\"}"
    },
    {
      "exchange_code": "BNB",
      "trade_type_code": "FUT",
      "capital_risk_code": "SPE",
      "trade_pair": "AIUSDT",
      "interval": "1h",
      "req_cap_vol": "500",
      "priority": "21",
      "algorithm_function": "ST1",
      "function_argument": "{\"multiplier21\":\"0.8\",\"multiplier14\":\"1.7\",\"multiplier10\":\"2.2\",\"leverage\":\"-1\",\"investVolPercent\":\"0.02\",\"takeProfitPercent\":\"95.0\",\"actualLossMultiple\":\"1.5\"}"
    },
    {
      "exchange_code": "BNB",
      "trade_type_code": "FUT",
      "capital_risk_code": "SPE",
      "trade_pair": "GALAUSDT",
      "interval": "1h",
      "req_cap_vol": "500",
      "priority": "22",
      "algorithm_function": "ST1",
      "function_argument": "{\"multiplier21\":\"1.2\",\"multiplier14\":\"1.7\",\"multiplier10\":\"2.4\",\"leverage\":\"-1\",\"investVolPercent\":\"0.02\",\"takeProfitPercent\":\"70.0\",\"actualLossMultiple\":\"1.5\"}"
    },
    {
      "exchange_code": "BNB",
      "trade_type_code": "FUT",
      "capital_risk_code": "SPE",
      "trade_pair": "GRTUSDT",
      "interval": "1h",
      "req_cap_vol": "500",
      "priority": "23",
      "algorithm_function": "ST1",
      "function_argument": "{\"multiplier21\":\"1.0\",\"multiplier14\":\"1.9\",\"multiplier10\":\"2.4\",\"leverage\":\"-1\",\"investVolPercent\":\"0.02\",\"takeProfitPercent\":\"60.0\",\"actualLossMultiple\":\"1.4\"}"
    },
    {
      "exchange_code": "BNB",
      "trade_type_code": "FUT",
      "capital_risk_code": "SPE",
      "trade_pair": "LINKUSDT",
      "interval": "1h",
      "req_cap_vol": "500",
      "priority": "24",
      "algorithm_function": "ST1",
      "function_argument": "{\"multiplier21\":\"1.0\",\"multiplier14\":\"1.6\",\"multiplier10\":\"2.2\",\"leverage\":\"-1\",\"investVolPercent\":\"0.02\",\"takeProfitPercent\":\"65.0\",\"actualLossMultiple\":\"1.5\"}"
    },
    {
      "exchange_code": "BNB",
      "trade_type_code": "FUT",
      "capital_risk_code": "SPE",
      "trade_pair": "BCHUSDT",
      "interval": "1h",
      "req_cap_vol": "500",
      "priority": "25",
      "algorithm_function": "ST1",
      "function_argument": "{\"multiplier21\":\"0.7\",\"multiplier14\":\"1.6\",\"multiplier10\":\"2.1\",\"leverage\":\"-1\",\"investVolPercent\":\"0.02\",\"takeProfitPercent\":\"60.0\",\"actualLossMultiple\":\"1.3\"}"
    },
    {
      "exchange_code": "BNB",
      "trade_type_code": "FUT",
      "capital_risk_code": "SPE",
      "trade_pair": "NFPUSDT",
      "interval": "1h",
      "req_cap_vol": "500",
      "priority": "26",
      "algorithm_function": "ST1",
      "function_argument": "{\"multiplier21\":\"0.7\",\"multiplier14\":\"1.3\",\"multiplier10\":\"1.9\",\"leverage\":\"-1\",\"investVolPercent\":\"0.02\",\"takeProfitPercent\":\"60.0\",\"actualLossMultiple\":\"1.5\"}"
    },
    {
      "exchange_code": "BNB",
      "trade_type_code": "FUT",
      "capital_risk_code": "SPE",
      "trade_pair": "NTRNUSDT",
      "interval": "1h",
      "req_cap_vol": "500",
      "priority": "27",
      "algorithm_function": "ST1",
      "function_argument": "{\"multiplier21\":\"1.0\",\"multiplier14\":\"1.5\",\"multiplier10\":\"2.4\",\"leverage\":\"-1\",\"investVolPercent\":\"0.02\",\"takeProfitPercent\":\"65.0\",\"actualLossMultiple\":\"1.3\"}"
    },
    {
      "exchange_code": "BNB",
      "trade_type_code": "FUT",
      "capital_risk_code": "SPE",
      "trade_pair": "VANRYUSDT",
      "interval": "1h",
      "req_cap_vol": "500",
      "priority": "28",
      "algorithm_function": "ST1",
      "function_argument": "{\"multiplier21\":\"0.9\",\"multiplier14\":\"1.4\",\"multiplier10\":\"2.2\",\"leverage\":\"-1\",\"investVolPercent\":\"0.02\",\"takeProfitPercent\":\"60.0\",\"actualLossMultiple\":\"1.2\"}"
    },
    {
      "exchange_code": "BNB",
      "trade_type_code": "FUT",
      "capital_risk_code": "SPE",
      "trade_pair": "LTCUSDT",
      "interval": "1h",
      "req_cap_vol": "500",
      "priority": "29",
      "algorithm_function": "ST1",
      "function_argument": "{\"multiplier21\":\"1.0\",\"multiplier14\":\"1.7\",\"multiplier10\":\"2.3\",\"leverage\":\"-1\",\"investVolPercent\":\"0.02\",\"takeProfitPercent\":\"60.0\",\"actualLossMultiple\":\"1.4\"}"
    },
    {
      "exchange_code": "BNB",
      "trade_type_code": "FUT",
      "capital_risk_code": "SPE",
      "trade_pair": "SOLUSDT",
      "interval": "1h",
      "req_cap_vol": "500",
      "priority": "30",
      "algorithm_function": "ST1",
      "function_argument": "{\"multiplier21\":\"0.7\",\"multiplier14\":\"1.2\",\"multiplier10\":\"1.7\",\"leverage\":\"-1\",\"investVolPercent\":\"0.02\",\"takeProfitPercent\":\"60.0\",\"actualLossMultiple\":\"1.5\"}"
    },
    {
      "exchange_code": "BNB",
      "trade_type_code": "FUT",
      "capital_risk_code": "SPE",
      "trade_pair": "BADGERUSDT",
      "interval": "1h",
      "req_cap_vol": "500",
      "priority": "31",
      "algorithm_function": "ST1",
      "function_argument": "{\"multiplier21\":\"1.0\",\"multiplier14\":\"1.8\",\"multiplier10\":\"2.3\",\"leverage\":\"-1\",\"investVolPercent\":\"0.02\",\"takeProfitPercent\":\"75.0\",\"actualLossMultiple\":\"1.4\"}"
    },
    {
      "exchange_code": "BNB",
      "trade_type_code": "FUT",
      "capital_risk_code": "SPE",
      "trade_pair": "FRONTUSDT",
      "interval": "1h",
      "req_cap_vol": "500",
      "priority": "32",
      "algorithm_function": "ST1",
      "function_argument": "{\"multiplier21\":\"1.3\",\"multiplier14\":\"1.8\",\"multiplier10\":\"2.3\",\"leverage\":\"-1\",\"investVolPercent\":\"0.02\",\"takeProfitPercent\":\"70.0\",\"actualLossMultiple\":\"1.4\"}"
    },
    {
      "exchange_code": "BNB",
      "trade_type_code": "FUT",
      "capital_risk_code": "SPE",
      "trade_pair": "ONEUSDT",
      "interval": "1h",
      "req_cap_vol": "500",
      "priority": "33",
      "algorithm_function": "ST1",
      "function_argument": "{\"multiplier21\":\"0.6\",\"multiplier14\":\"1.4\",\"multiplier10\":\"2.0\",\"leverage\":\"-1\",\"investVolPercent\":\"0.02\",\"takeProfitPercent\":\"60.0\",\"actualLossMultiple\":\"1.4\"}"
    },
    {
      "exchange_code": "BNB",
      "trade_type_code": "FUT",
      "capital_risk_code": "SPE",
      "trade_pair": "TLMUSDT",
      "interval": "1h",
      "req_cap_vol": "500",
      "priority": "34",
      "algorithm_function": "ST1",
      "function_argument": "{\"multiplier21\":\"0.7\",\"multiplier14\":\"1.6\",\"multiplier10\":\"2.1\",\"leverage\":\"-1\",\"investVolPercent\":\"0.02\",\"takeProfitPercent\":\"65.0\",\"actualLossMultiple\":\"1.5\"}"
    },
    {
      "exchange_code": "BNB",
      "trade_type_code": "FUT",
      "capital_risk_code": "SPE",
      "trade_pair": "RENUSDT",
      "interval": "1h",
      "req_cap_vol": "500",
      "priority": "35",
      "algorithm_function": "ST1",
      "function_argument": "{\"multiplier21\":\"0.9\",\"multiplier14\":\"1.4\",\"multiplier10\":\"2.0\",\"leverage\":\"-1\",\"investVolPercent\":\"0.02\",\"takeProfitPercent\":\"70.0\",\"actualLossMultiple\":\"1.3\"}"
    },
    {
      "exchange_code": "BNB",
      "trade_type_code": "FUT",
      "capital_risk_code": "SPE",
      "trade_pair": "WLDUSDT",
      "interval": "1h",
      "req_cap_vol": "500",
      "priority": "36",
      "algorithm_function": "ST1",
      "function_argument": "{\"multiplier21\":\"0.6\",\"multiplier14\":\"1.2\",\"multiplier10\":\"1.7\",\"leverage\":\"-1\",\"investVolPercent\":\"0.02\",\"takeProfitPercent\":\"60.0\",\"actualLossMultiple\":\"1\"}"
    },
    {
      "exchange_code": "BNB",
      "trade_type_code": "FUT",
      "capital_risk_code": "SPE",
      "trade_pair": "BTCUSDT",
      "interval": "1h",
      "req_cap_vol": "500",
      "priority": "37",
      "algorithm_function": "ST1",
      "function_argument": "{\"multiplier21\":\"0.6\",\"multiplier14\":\"1.1\",\"multiplier10\":\"1.9\",\"leverage\":\"-1\",\"investVolPercent\":\"0.02\",\"takeProfitPercent\":\"65.0\",\"actualLossMultiple\":\"1.5\"}"
    },
    {
      "exchange_code": "BNB",
      "trade_type_code": "FUT",
      "capital_risk_code": "SPE",
      "trade_pair": "EOSUSDT",
      "interval": "1h",
      "req_cap_vol": "500",
      "priority": "38",
      "algorithm_function": "ST1",
      "function_argument": "{\"multiplier21\":\"0.9\",\"multiplier14\":\"1.4\",\"multiplier10\":\"1.9\",\"leverage\":\"-1\",\"investVolPercent\":\"0.02\",\"takeProfitPercent\":\"110.0\",\"actualLossMultiple\":\"1.5\"}"
    },
    {
      "exchange_code": "BNB",
      "trade_type_code": "FUT",
      "capital_risk_code": "SPE",
      "trade_pair": "ETHFIUSDT",
      "interval": "1h",
      "req_cap_vol": "500",
      "priority": "39",
      "algorithm_function": "ST1",
      "function_argument": "{\"multiplier21\":\"0.8\",\"multiplier14\":\"1.3\",\"multiplier10\":\"1.8\",\"leverage\":\"-1\",\"investVolPercent\":\"0.02\",\"takeProfitPercent\":\"60.0\",\"actualLossMultiple\":\"1.4\"}"
    },
    {
      "exchange_code": "BNB",
      "trade_type_code": "FUT",
      "capital_risk_code": "SPE",
      "trade_pair": "FETUSDT",
      "interval": "1h",
      "req_cap_vol": "500",
      "priority": "40",
      "algorithm_function": "ST1",
      "function_argument": "{\"multiplier21\":\"0.8\",\"multiplier14\":\"1.3\",\"multiplier10\":\"2.2\",\"leverage\":\"-1\",\"investVolPercent\":\"0.02\",\"takeProfitPercent\":\"65.0\",\"actualLossMultiple\":\"1\"}"
    },
    {
      "exchange_code": "BNB",
      "trade_type_code": "FUT",
      "capital_risk_code": "SPE",
      "trade_pair": "ORDIUSDT",
      "interval": "1h",
      "req_cap_vol": "500",
      "priority": "41",
      "algorithm_function": "ST1",
      "function_argument": "{\"multiplier21\":\"0.8\",\"multiplier14\":\"1.4\",\"multiplier10\":\"2.2\",\"leverage\":\"-1\",\"investVolPercent\":\"0.02\",\"takeProfitPercent\":\"65.0\",\"actualLossMultiple\":\"1\"}"
    },
    {
      "exchange_code": "BNB",
      "trade_type_code": "FUT",
      "capital_risk_code": "SPE",
      "trade_pair": "AVAXUSDT",
      "interval": "1h",
      "req_cap_vol": "500",
      "priority": "42",
      "algorithm_function": "ST1",
      "function_argument": "{\"multiplier21\":\"0.6\",\"multiplier14\":\"1.1\",\"multiplier10\":\"1.9\",\"leverage\":\"-1\",\"investVolPercent\":\"0.02\",\"takeProfitPercent\":\"65.0\",\"actualLossMultiple\":\"1.4\"}"
    },
    {
      "exchange_code": "BNB",
      "trade_type_code": "FUT",
      "capital_risk_code": "SPE",
      "trade_pair": "AXSUSDT",
      "interval": "1h",
      "req_cap_vol": "500",
      "priority": "43",
      "algorithm_function": "ST1",
      "function_argument": "{\"multiplier21\":\"1.0\",\"multiplier14\":\"1.7\",\"multiplier10\":\"2.4\",\"leverage\":\"-1\",\"investVolPercent\":\"0.02\",\"takeProfitPercent\":\"75.0\",\"actualLossMultiple\":\"1.5\"}"
    },
    {
      "exchange_code": "BNB",
      "trade_type_code": "FUT",
      "capital_risk_code": "SPE",
      "trade_pair": "HIFIUSDT",
      "interval": "1h",
      "req_cap_vol": "500",
      "priority": "44",
      "algorithm_function": "ST1",
      "function_argument": "{\"multiplier21\":\"1.1\",\"multiplier14\":\"1.8\",\"multiplier10\":\"2.4\",\"leverage\":\"-1\",\"investVolPercent\":\"0.02\",\"takeProfitPercent\":\"60.0\",\"actualLossMultiple\":\"1.3\"}"
    },
    {
      "exchange_code": "BNB",
      "trade_type_code": "FUT",
      "capital_risk_code": "SPE",
      "trade_pair": "PERPUSDT",
      "interval": "1h",
      "req_cap_vol": "500",
      "priority": "45",
      "algorithm_function": "ST1",
      "function_argument": "{\"multiplier21\":\"0.7\",\"multiplier14\":\"1.2\",\"multiplier10\":\"1.8\",\"leverage\":\"-1\",\"investVolPercent\":\"0.02\",\"takeProfitPercent\":\"65.0\",\"actualLossMultiple\":\"1.5\"}"
    },
    {
      "exchange_code": "BNB",
      "trade_type_code": "FUT",
      "capital_risk_code": "SPE",
      "trade_pair": "REZUSDT",
      "interval": "1h",
      "req_cap_vol": "500",
      "priority": "46",
      "algorithm_function": "ST1",
      "function_argument": "{\"multiplier21\":\"0.7\",\"multiplier14\":\"1.5\",\"multiplier10\":\"2.0\",\"leverage\":\"-1\",\"investVolPercent\":\"0.02\",\"takeProfitPercent\":\"65.0\",\"actualLossMultiple\":\"1.5\"}"
    },
    {
      "exchange_code": "BNB",
      "trade_type_code": "FUT",
      "capital_risk_code": "SPE",
      "trade_pair": "IOTAUSDT",
      "interval": "1h",
      "req_cap_vol": "500",
      "priority": "47",
      "algorithm_function": "ST1",
      "function_argument": "{\"multiplier21\":\"1.0\",\"multiplier14\":\"1.5\",\"multiplier10\":\"2.2\",\"leverage\":\"-1\",\"investVolPercent\":\"0.02\",\"takeProfitPercent\":\"60.0\",\"actualLossMultiple\":\"1.5\"}"
    },
    {
      "exchange_code": "BNB",
      "trade_type_code": "FUT",
      "capital_risk_code": "SPE",
      "trade_pair": "BIGTIMEUSDT",
      "interval": "1h",
      "req_cap_vol": "500",
      "priority": "48",
      "algorithm_function": "ST1",
      "function_argument": "{\"multiplier21\":\"0.6\",\"multiplier14\":\"1.1\",\"multiplier10\":\"1.6\",\"leverage\":\"-1\",\"investVolPercent\":\"0.02\",\"takeProfitPercent\":\"90.0\",\"actualLossMultiple\":\"1.4\"}"
    },
    {
      "exchange_code": "BNB",
      "trade_type_code": "FUT",
      "capital_risk_code": "SPE",
      "trade_pair": "MYROUSDT",
      "interval": "1h",
      "req_cap_vol": "500",
      "priority": "49",
      "algorithm_function": "ST1",
      "function_argument": "{\"multiplier21\":\"1.2\",\"multiplier14\":\"1.8\",\"multiplier10\":\"2.3\",\"leverage\":\"-1\",\"investVolPercent\":\"0.02\",\"takeProfitPercent\":\"75.0\",\"actualLossMultiple\":\"1.5\"}"
    },
    {
      "exchange_code": "BNB",
      "trade_type_code": "FUT",
      "capital_risk_code": "SPE",
      "trade_pair": "OPUSDT",
      "interval": "1h",
      "req_cap_vol": "500",
      "priority": "50",
      "algorithm_function": "ST1",
      "function_argument": "{\"multiplier21\":\"0.6\",\"multiplier14\":\"1.3\",\"multiplier10\":\"2.0\",\"leverage\":\"-1\",\"investVolPercent\":\"0.02\",\"takeProfitPercent\":\"60.0\",\"actualLossMultiple\":\"1.3\"}"
    },
    {
      "exchange_code": "BNB",
      "trade_type_code": "FUT",
      "capital_risk_code": "SPE",
      "trade_pair": "AEVOUSDT",
      "interval": "1h",
      "req_cap_vol": "500",
      "priority": "51",
      "algorithm_function": "ST1",
      "function_argument": "{\"multiplier21\":\"0.9\",\"multiplier14\":\"1.5\",\"multiplier10\":\"2.3\",\"leverage\":\"-1\",\"investVolPercent\":\"0.02\",\"takeProfitPercent\":\"60.0\",\"actualLossMultiple\":\"1.2\"}"
    },
    {
      "exchange_code": "BNB",
      "trade_type_code": "FUT",
      "capital_risk_code": "SPE",
      "trade_pair": "ALGOUSDT",
      "interval": "1h",
      "req_cap_vol": "500",
      "priority": "52",
      "algorithm_function": "ST1",
      "function_argument": "{\"multiplier21\":\"0.6\",\"multiplier14\":\"1.3\",\"multiplier10\":\"1.9\",\"leverage\":\"-1\",\"investVolPercent\":\"0.02\",\"takeProfitPercent\":\"65.0\",\"actualLossMultiple\":\"1.5\"}"
    },
    {
      "exchange_code": "BNB",
      "trade_type_code": "FUT",
      "capital_risk_code": "SPE",
      "trade_pair": "APTUSDT",
      "interval": "1h",
      "req_cap_vol": "500",
      "priority": "53",
      "algorithm_function": "ST1",
      "function_argument": "{\"multiplier21\":\"1.3\",\"multiplier14\":\"1.9\",\"multiplier10\":\"2.4\",\"leverage\":\"-1\",\"investVolPercent\":\"0.02\",\"takeProfitPercent\":\"80.0\",\"actualLossMultiple\":\"1.5\"}"
    },
    {
      "exchange_code": "BNB",
      "trade_type_code": "FUT",
      "capital_risk_code": "SPE",
      "trade_pair": "OMNIUSDT",
      "interval": "1h",
      "req_cap_vol": "500",
      "priority": "54",
      "algorithm_function": "ST1",
      "function_argument": "{\"multiplier21\":\"0.7\",\"multiplier14\":\"1.5\",\"multiplier10\":\"2.0\",\"leverage\":\"-1\",\"investVolPercent\":\"0.02\",\"takeProfitPercent\":\"60.0\",\"actualLossMultiple\":\"1.5\"}"
    },
    {
      "exchange_code": "BNB",
      "trade_type_code": "FUT",
      "capital_risk_code": "SPE",
      "trade_pair": "APEUSDT",
      "interval": "1h",
      "req_cap_vol": "500",
      "priority": "55",
      "algorithm_function": "ST1",
      "function_argument": "{\"multiplier21\":\"1.2\",\"multiplier14\":\"1.7\",\"multiplier10\":\"2.3\",\"leverage\":\"-1\",\"investVolPercent\":\"0.02\",\"takeProfitPercent\":\"70.0\",\"actualLossMultiple\":\"1.2\"}"
    },
    {
      "exchange_code": "BNB",
      "trade_type_code": "FUT",
      "capital_risk_code": "SPE",
      "trade_pair": "BANDUSDT",
      "interval": "1h",
      "req_cap_vol": "500",
      "priority": "56",
      "algorithm_function": "ST1",
      "function_argument": "{\"multiplier21\":\"0.7\",\"multiplier14\":\"1.2\",\"multiplier10\":\"2.1\",\"leverage\":\"-1\",\"investVolPercent\":\"0.02\",\"takeProfitPercent\":\"65.0\",\"actualLossMultiple\":\"1.4\"}"
    },
    {
      "exchange_code": "BNB",
      "trade_type_code": "FUT",
      "capital_risk_code": "SPE",
      "trade_pair": "AUCTIONUSDT",
      "interval": "1h",
      "req_cap_vol": "500",
      "priority": "57",
      "algorithm_function": "ST1",
      "function_argument": "{\"multiplier21\":\"0.8\",\"multiplier14\":\"1.3\",\"multiplier10\":\"2.1\",\"leverage\":\"-1\",\"investVolPercent\":\"0.02\",\"takeProfitPercent\":\"60.0\",\"actualLossMultiple\":\"1.3\"}"
    },
    {
      "exchange_code": "BNB",
      "trade_type_code": "FUT",
      "capital_risk_code": "SPE",
      "trade_pair": "CELOUSDT",
      "interval": "1h",
      "req_cap_vol": "500",
      "priority": "58",
      "algorithm_function": "ST1",
      "function_argument": "{\"multiplier21\":\"0.8\",\"multiplier14\":\"1.6\",\"multiplier10\":\"2.1\",\"leverage\":\"-1\",\"investVolPercent\":\"0.02\",\"takeProfitPercent\":\"65.0\",\"actualLossMultiple\":\"1.3\"}"
    }
  ]
}