{
  "l2-error-alert": {
    "ID": "1244418949710479411",
    "Token": "TrqGl-IUlj8hyj-TfyYFpiu6e22nbvTmVBOvfHQ2o_nZkJMHXEjjcDfrTS3ouqeDCvjm"
  },
  "ur-error-alert": {
    "ID": "1255242428160413839",
    "Token": "KiwS-lhm-Ew44wnV7oVksYegDu9HsXrZTkSE-KEx3mhFwHhXBTNfJ1de4VoKeupHuRvf"
  },
  "dev-error-alert": {
    "ID": "1255242428160413839",
    "Token": "KiwS-lhm-Ew44wnV7oVksYegDu9HsXrZTkSE-KEx3mhFwHhXBTNfJ1de4VoKeupHuRvf"
  },
  "prd-error-alert": {
    "ID": "1255261366844133387",
    "Token": "NVkwTjixkP65i_9VfOCjbfwNjKn-5XFlmuklHd86Arjit625dQjQEEk_JYr3NtNLcAya"
  },
  "bot-status": {
    "ID": "1245852476846903347",
    "Token": "jeDvOlZYYD8RnorzZx9zSrypugdiHmSjPa3E9Z9r6GpQjTmb_ZnRgOxA80dlNbh2PkE4"
  },
  "bot-underground": {
    "ID": "1248297966314328177",
    "Token": "0okF4-TovCJ6i6Co6B3y0kq-vtBj_8n69BeabueJJDVCZwSwSm_T5-Bp-UiSVvE8kjpN"
  },
  "all-user-trade": {
    "ID": "1245488348974288999",
    "Token": "kZzlFqT2P9S1sd0V-o_d9H46DrefspJgRKcatLz1uZ4HU9re1FQ4SMY_a3X7dAmB9xkm"
  },
  "725-user-trade": {
    "ID": "1245492856102060152",
    "Token": "_dI3QRjxt0IxQ0VeyKsaq0z2RUszL__vNYzd0o_9d95v1HEmd4ld0ERscaankW1rhM6I"
  },
  "725-error-alert": {
    "ID": "1255265710838382725",
    "Token": "m6P5iI_LHDgm0CwkjRU4zpY4qvPx61s4SNsn13-i7JfhuEdpGQZxRp6dHXuaN-BkuKLw"
  },
  "369-user-trade": {
    "ID": "1245492856102060152",
    "Token": "_dI3QRjxt0IxQ0VeyKsaq0z2RUszL__vNYzd0o_9d95v1HEmd4ld0ERscaankW1rhM6I"
  },
  "369-error-alert": {
    "ID": "1255265710838382725",
    "Token": "m6P5iI_LHDgm0CwkjRU4zpY4qvPx61s4SNsn13-i7JfhuEdpGQZxRp6dHXuaN-BkuKLw"
  }
}
